time,Vin[1]
0,0.13
0.083333333,0.13
0.166666667,0.13
0.25,0.21
0.333333333,0.21
0.416666667,0.21
0.5,0.13
0.583333333,0.13
0.666666667,0.13
0.75,0.13
0.833333333,0.13
0.916666667,0.13
1,0.13
